Model,RMSE,MAE
VARIMA,208.01900511014443,191.35570001808236
